{
  "q_liq": [
    1.0,
    5.03030303030303,
    9.06060606060606,
    13.09090909090909,
    17.12121212121212,
    21.151515151515152,
    25.18181818181818,
    29.21212121212121,
    33.24242424242424,
    37.27272727272727,
    41.303030303030305,
    45.333333333333336,
    49.36363636363636,
    53.39393939393939,
    57.42424242424242,
    61.45454545454545,
    65.48484848484848,
    69.51515151515152,
    73.54545454545455,
    77.57575757575758,
    81.60606060606061,
    85.63636363636364,
    89.66666666666667,
    93.6969696969697,
    97.72727272727272,
    101.75757575757575,
    105.78787878787878,
    109.81818181818181,
    113.84848484848484,
    117.87878787878788,
    121.9090909090909,
    125.93939393939394,
    129.96969696969697,
    134.0,
    138.03030303030303,
    142.06060606060606,
    146.0909090909091,
    150.12121212121212,
    154.15151515151516,
    158.1818181818182,
    162.21212121212122,
    166.24242424242425,
    170.27272727272728,
    174.3030303030303,
    178.33333333333334,
    182.36363636363637,
    186.3939393939394,
    190.42424242424244,
    194.45454545454544,
    198.48484848484847,
    202.5151515151515,
    206.54545454545453,
    210.57575757575756,
    214.6060606060606,
    218.63636363636363,
    222.66666666666666,
    226.6969696969697,
    230.72727272727272,
    234.75757575757575,
    238.78787878787878,
    242.8181818181818,
    246.84848484848484,
    250.87878787878788,
    254.9090909090909,
    258.93939393939394,
    262.96969696969694,
    267.0,
    271.030303030303,
    275.06060606060606,
    279.09090909090907,
    283.1212121212121,
    287.1515151515151,
    291.1818181818182,
    295.2121212121212,
    299.24242424242425,
    303.27272727272725,
    307.3030303030303,
    311.3333333333333,
    315.3636363636364,
    319.3939393939394,
    323.42424242424244,
    327.45454545454544,
    331.4848484848485,
    335.5151515151515,
    339.54545454545456,
    343.57575757575756,
    347.6060606060606,
    351.6363636363636,
    355.6666666666667,
    359.6969696969697,
    363.72727272727275,
    367.75757575757575,
    371.7878787878788,
    375.8181818181818,
    379.8484848484849,
    383.8787878787879,
    387.9090909090909,
    391.93939393939394,
    395.96969696969694,
    400.0
  ],
  "p_wf": [
    358.30416605038135,
    358.3036427778207,
    358.3023092626777,
    358.29979360485993,
    358.29678667622613,
    358.2933248674328,
    358.28926618059364,
    358.2846084222862,
    358.2793556258425,
    358.2735109955037,
    358.2670770211439,
    358.2600556798724,
    358.2524485737785,
    358.24425702357667,
    358.2354821340947,
    358.226124841305,
    358.2161859469027,
    358.20566614425076,
    358.194566038187,
    358.182886160389,
    358.1706269814521,
    358.15778892051287,
    358.1443723529901,
    358.1303776168874,
    358.1158050179608,
    358.1006548340008,
    358.08492731840255,
    358.0686227031678,
    358.05174120143954,
    358.03428300966704,
    358.01624830944905,
    357.997637269128,
    357.9784500451629,
    357.95868678332715,
    357.9383476197485,
    357.9174326818251,
    357.89594208902827,
    357.873875953612,
    357.8512343812429,
    357.828017471557,
    357.80422531865935,
    357.779858011571,
    357.7549156346258,
    357.72939826783204,
    357.7033059871954,
    357.676638865014,
    357.64939697013926,
    357.6215803682221,
    357.5931891219286,
    357.564223291141,
    357.53468293313904,
    357.5045681027706,
    357.4738788526016,
    357.44261523305664,
    357.4107772925495,
    357.3783650776054,
    357.3453786329649,
    357.31181800169065,
    357.2776832252608,
    357.2429743436543,
    357.20769139543467,
    357.1718344178235,
    357.13540344677193,
    357.0983985170247,
    357.0608196621824,
    357.02266691475876,
    356.9839403062314,
    356.94463986709474,
    356.90476562690367,
    356.86431761432254,
    356.82329585715985,
    356.7817003824109,
    356.7395312162924,
    356.6967883842792,
    356.6534719111339,
    356.60958182093833,
    356.56511813712154,
    356.52008088248874,
    356.4744700792452,
    356.42828574902114,
    356.3815279128952,
    356.33419659141447,
    356.28629180461763,
    356.23781357205235,
    356.1887619127955,
    356.1391368454684,
    356.08893838825855,
    356.0381665589298,
    355.9868213748403,
    355.93490285295707,
    355.8824110098705,
    355.82934586180573,
    355.77570742463445,
    355.72149571389224,
    355.6667107447824,
    355.6113525321923,
    355.55542109070325,
    355.4989164345974,
    355.4418385778704,
    355.38418753424054
  ]
}